row_id,poverty_probability
0,0.515
1,0.981
2,0.982
3,0.879
4,0.796
5,0.915
6,0.447
7,0.612
8,0.404
9,0.99
10,0.949
11,0.612
12,0.925
13,0.447
14,0.633
15,0.161
16,0.95
17,0.404
18,0.757
19,0.523
20,0.404
21,0.584
22,0.409
23,0.26
24,0.28
25,0.282
26,0.409
27,0.886
28,0.569
29,0.97
30,0.282
31,0.983
32,0.342
33,0.449
34,0.548
35,0.895
36,0.63
37,0.132
38,0.295
39,0.879
40,0.97
41,0.879
42,0.191
43,0.342
44,0.309
45,0.664
46,0.437
47,1
48,0.97
49,0.849
50,0.591
51,0.342
52,0.071
53,0.961
54,0.437
55,0.883
56,0.751
57,0.728
58,0.999
59,0.875
60,0.342
61,0.492
62,0.982
63,0.846
64,0.95
65,0.846
66,0.191
67,0.355
68,0.728
69,0.987
70,0.969
71,0.228
72,0.191
73,0.999
74,0.849
75,0.456
76,0.368
77,0.271
78,0.939
79,0.216
80,0.216
81,0.633
82,0.507
83,0.081
84,0.342
85,0.957
86,0.604
87,0.751
88,0.732
89,0.826
90,0.992
91,0.879
92,0.97
93,0.915
94,0.796
95,0.371
96,0.453
97,0.492
98,0.751
99,0.875
100,0.569
101,0.886
102,1
103,0.035
104,0.456
105,0.987
106,0.879
107,0.342
108,0.027
109,0.826
110,0.967
111,0.949
112,0.456
113,0.957
114,0.569
115,0.253
116,0.105
117,0.895
118,0.482
119,0.387
120,0.843
121,0.751
122,0.185
123,0.482
124,0.557
125,0.95
126,0.482
127,0.633
128,0.967
129,0.507
130,0.879
131,0.63
132,0.268
133,0.608
134,0.729
135,0.569
136,0.999
137,0.492
138,0.843
139,0.772
140,0.387
141,0.97
142,0.105
143,0.608
144,0.569
145,0.506
146,0.355
147,0.96
148,0.967
149,0.915
150,0.97
151,0.925
152,0.895
153,0
154,0.957
155,0.342
156,0.492
157,0.447
158,0.914
159,0.449
160,0.492
161,0.846
162,0.548
163,0.895
164,0.185
165,0.216
166,0.161
167,0.035
168,0.751
169,0.95
170,0.515
171,0.997
172,0.454
173,0.371
174,0.728
175,0.456
176,0.268
177,0.26
178,0.732
179,0.282
180,0.515
181,0.321
182,0.409
183,0.756
184,0.97
185,0.282
186,0.826
187,0.515
188,0.185
189,0.949
190,0.228
191,0.515
192,0.772
193,0.569
194,0.732
195,0.557
196,0.664
197,0.772
198,0.507
199,0.843
200,0.456
201,0.28
202,0.604
203,0.185
204,0.492
205,0
206,0.557
207,0.437
208,0
209,0.604
210,0.967
211,0.449
212,0.515
213,0.99
214,0.492
215,0.079
216,0.656
217,0.967
218,0.868
219,0.949
220,0.031
221,0.875
222,1
223,0.035
224,0.732
225,0.879
226,0.843
227,0.437
228,0.049
229,0.447
230,0.732
231,0.205
232,0.071
233,0.267
234,0.95
235,0.826
236,0.843
237,0.999
238,0.796
239,0.987
240,0.333
241,0.216
242,0.548
243,0.967
244,0.925
245,0.875
246,0.843
247,0.449
248,0.95
249,0.216
250,0.715
251,0.63
252,0.492
253,0.387
254,0.268
255,0.321
256,0.404
257,0.453
258,0.728
259,0.523
260,0.715
261,0.686
262,0.949
263,0.728
264,0.99
265,0.785
266,0.95
267,0.071
268,0.071
269,0.843
270,0.105
271,0.751
272,0.796
273,0.826
274,0.216
275,0.755
276,0
277,0.992
278,0.482
279,0.449
280,0.342
281,0.6
282,0.879
283,0.63
284,0.507
285,0.027
286,0.843
287,0.183
288,0.282
289,0.984
290,0.216
291,0.321
292,0.569
293,0.97
294,0.846
295,0.768
296,0.321
297,0.268
298,0.394
299,0.482
300,0.404
301,0.895
302,0.482
303,0.772
304,0.925
305,0.772
306,0.612
307,0.64
308,0.743
309,0.031
310,0.604
311,0.409
312,0.26
313,0.895
314,0.492
315,0.895
316,0.454
317,0.99
318,0.604
319,0.216
320,0.506
321,0.268
322,0.031
323,0.895
324,0.482
325,0.071
326,0.929
327,0.895
328,0.26
329,0.394
330,0.409
331,0.035
332,0.191
333,0.949
334,0.081
335,0.664
336,0.26
337,0.686
338,0.895
339,0.453
340,0.895
341,0.268
342,0.876
343,0.492
344,0.507
345,0.95
346,0.63
347,0.449
348,0.482
349,0.216
350,0.757
351,0.957
352,0.339
353,0.035
354,0.686
355,0.967
356,0.608
357,0.132
358,0.591
359,0.154
360,0.826
361,0.728
362,0.161
363,0.507
364,0.957
365,0.728
366,0.409
367,0.95
368,0.843
369,0.482
370,0.664
371,0.97
372,0.849
373,0.949
374,0.492
375,0.339
376,0.132
377,0.967
378,0.785
379,0.846
380,0.846
381,0.267
382,0.604
383,0.482
384,0.447
385,0.757
386,0.772
387,0.939
388,0.633
389,0.612
390,0.569
391,0.049
392,0.604
393,0.482
394,0.879
395,0.633
396,0.785
397,0.868
398,0.957
399,0.983
400,0.969
401,0.453
402,0.453
403,0.903
404,0.63
405,0.333
406,0.929
407,0.843
408,0.997
409,0.232
410,0.548
411,0.447
412,0.664
413,0.191
414,0.975
415,0.333
416,0.548
417,0.728
418,0.992
419,0.117
420,0.132
421,0.453
422,0.915
423,0.982
424,0.715
425,0.612
426,0.482
427,0.333
428,0.6
429,0.755
430,0.97
431,0.6
432,0
433,0.454
434,0.569
435,0.939
436,0.969
437,0.95
438,0.875
439,0.027
440,0.728
441,0.191
442,0.633
443,0.515
444,0.895
445,0.96
446,0.964
447,0.772
448,0.732
449,0.049
450,0.191
451,0.548
452,0.895
453,0.633
454,0.915
455,0.879
456,0.981
457,0.886
458,0.732
459,0.846
460,0.852
461,0.732
462,0.447
463,0.97
464,0.732
465,0.915
466,0.964
467,0.949
468,0.915
469,0.895
470,0.267
471,0.883
472,0.185
473,0.035
474,0.89
475,0.268
476,0.967
477,0.757
478,0.925
479,0.982
480,0.453
481,0.772
482,0.437
483,0.785
484,0.584
485,0.772
486,0.321
487,0.97
488,0.123
489,0.994
490,0.849
491,0.191
492,0.939
493,0.97
494,0.785
495,0.755
496,0.97
497,0.95
498,0.796
499,0.772
500,0.99
501,0.216
502,0.925
503,0.987
504,0.715
505,0.633
506,0.671
507,0.95
508,0.031
509,0.523
510,0.604
511,0.268
512,0.982
513,0.967
514,0.946
515,1
516,0.755
517,0.929
518,0.506
519,0.453
520,0.324
521,0.846
522,0.95
523,0.031
524,0.282
525,0.846
526,0.63
527,0.117
528,0.879
529,0.409
530,0.409
531,0.732
532,0.843
533,0.671
534,0.97
535,0.895
536,0.715
537,0.987
538,0.964
539,0.608
540,0.95
541,0.728
542,0.846
543,0.079
544,0.574
545,0.507
546,0.929
547,0.715
548,0.86
549,0.964
550,0.409
551,0.232
552,0.949
553,0.982
554,0.895
555,0.456
556,0.826
557,0.732
558,0.97
559,0.026
560,0.957
561,0.95
562,0.489
563,0.925
564,0.342
565,0.409
566,0.895
567,0.6
568,0.507
569,0.961
570,0.879
571,0.886
572,0
573,0.447
574,0.309
575,0.339
576,0.97
577,0.939
578,0.456
579,0.183
580,0.925
581,0.268
582,0.728
583,0.117
584,0.895
585,0.409
586,0.612
587,0.715
588,0.105
589,0.751
590,0.321
591,0.191
592,0.191
593,0.894
594,0.342
595,0.785
596,0.63
597,0.216
598,0.453
599,0.967
600,0.715
601,0.814
602,0.967
603,0.97
604,0.732
605,0.604
606,0.796
607,0.185
608,0.843
609,0.915
610,0.394
611,0.191
612,0.604
613,0.785
614,0.915
615,0.849
616,0.772
617,0.875
618,0.404
619,0.6
620,0.26
621,0.879
622,0.241
623,0.97
624,0.604
625,0.574
626,0.132
627,0.772
628,0.456
629,0.728
630,0.557
631,0.914
632,0.849
633,0.843
634,0.584
635,0.728
636,0.849
637,0.772
638,0.983
639,0.715
640,0.875
641,0.886
642,0.849
643,0.826
644,0.342
645,0.604
646,0.584
647,0.95
648,0.894
649,0.95
650,0.843
651,0.355
652,0.017
653,0.875
654,0.895
655,0.54
656,0.796
657,0.591
658,0.915
659,0
660,0.456
661,0.785
662,0.548
663,0.732
664,0.453
665,0.449
666,0.969
667,0
668,0.732
669,0.321
670,0.732
671,0.557
672,0.846
673,0.895
674,0.785
675,0.664
676,0.105
677,0.241
678,0.453
679,0.035
680,0.295
681,0.608
682,0.447
683,0.915
684,0.895
685,0.97
686,0.185
687,0.883
688,0.757
689,0.132
690,0.849
691,0.26
692,0.031
693,0.612
694,0.987
695,0.715
696,0.97
697,0.394
698,0.342
699,0.449
700,0.633
701,0.333
702,0.449
703,0.584
704,0.123
705,0.185
706,0.846
707,0.875
708,0.939
709,0.557
710,0.333
711,0.757
712,0.772
713,0.664
714,0.049
715,0
716,0.755
717,0.997
718,0.394
719,0.584
720,0.492
721,0
722,0.569
723,0.826
724,0.957
725,0.447
726,0.843
727,0.957
728,0.969
729,0.715
730,0.894
731,0.846
732,0.895
733,0.967
734,0.253
735,1
736,0.876
737,0.728
738,0.715
739,0.925
740,0.751
741,0.772
742,0.482
743,0.569
744,0.755
745,0.591
746,0.964
747,0.772
748,0.049
749,0.914
750,0.895
751,0.027
752,0.915
753,0.132
754,0.757
755,0.886
756,0.355
757,0.507
758,0.282
759,0.232
760,0.728
761,0.612
762,0.728
763,0.961
764,0.969
765,0.785
766,0.548
767,0.99
768,0.946
769,0.453
770,0.282
771,0.447
772,0.569
773,0.191
774,0.191
775,0.803
776,0.63
777,0.42
778,0.321
779,0.523
780,0.792
781,0.915
782,0.63
783,0.97
784,0.728
785,0.772
786,0.355
787,0.342
788,0.321
789,0.961
790,0.295
791,0.63
792,0.584
793,0.268
794,0.63
795,0.879
796,0.321
797,0.967
798,0.309
799,0.751
800,0.95
801,0.492
802,0.886
803,0.232
804,0.732
805,0.447
806,0.895
807,0.409
808,0.515
809,0.732
810,0.849
811,0.785
812,0.894
813,0.071
814,0.42
815,0.026
816,0
817,0.938
818,0.949
819,0.751
820,0.482
821,0.875
822,0.268
823,0.895
824,0.915
825,0.969
826,0.849
827,0.035
828,0.342
829,0.826
830,0.715
831,0.449
832,0.915
833,0.949
834,0.612
835,0.191
836,0.049
837,0.409
838,0.728
839,0.664
840,0.342
841,0.26
842,0.895
843,0.97
844,0.895
845,0.961
846,0.751
847,0.492
848,0.453
849,0.879
850,0.449
851,0.612
852,0.967
853,0.42
854,0.492
855,0.852
856,0.895
857,0.997
858,0.715
859,0.591
860,0.295
861,0.961
862,0.977
863,0.26
864,0.216
865,0.894
866,0.437
867,0.191
868,0.321
869,0.557
870,0.715
871,0.604
872,0.63
873,0.785
874,0.453
875,0.409
876,0.796
877,0.957
878,0.449
879,0.507
880,0.453
881,0.342
882,0.28
883,0.64
884,0.826
885,0.515
886,0.929
887,0.751
888,0.404
889,0.826
890,0.895
891,0.715
892,0.105
893,0.99
894,0.584
895,0.785
896,0.523
897,0.957
898,0.915
899,0.925
900,0.715
901,0.63
902,0.049
903,0.268
904,0.949
905,0.757
906,0.6
907,0.409
908,0.132
909,0.785
910,0.54
911,0.449
912,0.664
913,0.145
914,0.447
915,0.772
916,0.875
917,0.895
918,0.482
919,0.122
920,0.843
921,0.557
922,0.664
923,0.612
924,0.95
925,0.409
926,0.876
927,0.548
928,0.999
929,0.191
930,0.929
931,0.846
932,0.482
933,0.939
934,0.97
935,0.342
936,0.268
937,0.079
938,0.796
939,1
940,0.886
941,0.295
942,0.95
943,0.961
944,0.879
945,0.768
946,0.282
947,0.63
948,0.437
949,0.604
950,0.267
951,0.26
952,0.95
953,0.492
954,0.843
955,0.394
956,0.449
957,0.886
958,0.949
959,0.728
960,0.757
961,0.803
962,0.584
963,0.664
964,0.268
965,0.482
966,0.035
967,0.929
968,0.612
969,0.355
970,0.895
971,0.342
972,0
973,0.732
974,0.6
975,0.071
976,0.97
977,0.999
978,0.216
979,0.715
980,0.604
981,0.949
982,0.728
983,0.755
984,0.604
985,0.886
986,0
987,0.975
988,0.785
989,0.633
990,0.772
991,0.185
992,0.267
993,0.453
994,0.339
995,0.967
996,0.824
997,0.253
998,0.886
999,0.957
1000,0.824
1001,0.846
1002,0.507
1003,0.95
1004,0.656
1005,0.368
1006,0.983
1007,0.624
1008,0.95
1009,0.453
1010,0.321
1011,0.78
1012,0.772
1013,0.548
1014,0.506
1015,0.612
1016,0.26
1017,0.027
1018,0.6
1019,0
1020,0.751
1021,0.949
1022,0.715
1023,0.894
1024,0.95
1025,0.633
1026,0.584
1027,0.079
1028,0.772
1029,0.604
1030,0.894
1031,0.185
1032,0.515
1033,0.97
1034,0.843
1035,0.26
1036,0.409
1037,0.071
1038,0.394
1039,0.633
1040,0.939
1041,0.105
1042,0.715
1043,0.97
1044,0.843
1045,0.049
1046,0.604
1047,0.515
1048,0.732
1049,0.453
1050,0.757
1051,0.772
1052,0.925
1053,0.664
1054,0.95
1055,0.035
1056,0.967
1057,0.482
1058,0.371
1059,0.604
1060,0.449
1061,0.584
1062,0.929
1063,0.915
1064,0.757
1065,0.071
1066,0.492
1067,0.843
1068,0.879
1069,0.757
1070,0.671
1071,0.117
1072,0.569
1073,0.852
1074,0.105
1075,0.957
1076,0.846
1077,0.342
1078,0.715
1079,0.895
1080,0.875
1081,0.843
1082,0.751
1083,0.95
1084,0.049
1085,0.268
1086,0.321
1087,0.64
1088,0.132
1089,0.95
1090,0.523
1091,0.191
1092,0.957
1093,0.97
1094,0.967
1095,0.875
1096,0.342
1097,0.017
1098,0.852
1099,0.333
1100,0.886
1101,0.879
1102,0.342
1103,0.117
1104,0.42
1105,0.768
1106,0.914
1107,0
1108,0.95
1109,0.772
1110,0.879
1111,0.671
1112,0.471
1113,0.981
1114,0.915
1115,0.035
1116,0.295
1117,0.569
1118,0.969
1119,0.035
1120,0.027
1121,0.656
1122,0.506
1123,0.548
1124,0.875
1125,0.604
1126,0.664
1127,0.751
1128,0.99
1129,0.117
1130,0.105
1131,0.409
1132,0.843
1133,0.95
1134,1
1135,0.268
1136,0.751
1137,0.321
1138,0.447
1139,0.664
1140,0.994
1141,0.715
1142,0.715
1143,0.939
1144,0.368
1145,0.492
1146,0.492
1147,0.282
1148,0.757
1149,0.983
1150,0.757
1151,0.163
1152,0.849
1153,0.105
1154,0.914
1155,0.785
1156,0.081
1157,0.732
1158,0.982
1159,0.95
1160,0.185
1161,0.949
1162,0.612
1163,0.97
1164,0.387
1165,0.507
1166,0.846
1167,0.914
1168,0.875
1169,0.437
1170,0.909
1171,0.612
1172,0.161
1173,0.548
1174,0.117
1175,0.732
1176,0.969
1177,0.915
1178,0.071
1179,0.54
1180,0.339
1181,0.253
1182,0.915
1183,0.879
1184,0.957
1185,0.967
1186,0.768
1187,0.969
1188,0.755
1189,0.584
1190,0.548
1191,0.751
1192,0.355
1193,0.035
1194,0.751
1195,0.879
1196,0.772
1197,0.967
1198,0.191
1199,0.875
1200,0.453
1201,0.161
1202,0.755
1203,0.324
1204,0.482
1205,0.875
1206,0.757
1207,0.604
1208,0.732
1209,0.449
1210,0.886
1211,0.824
1212,0.895
1213,0.964
1214,0.453
1215,0.757
1216,0.757
1217,0.26
1218,0.449
1219,0.664
1220,0.755
1221,0.447
1222,0.035
1223,0.355
1224,0.996
1225,0.612
1226,0.755
1227,0.271
1228,0.035
1229,0.523
1230,0.997
1231,0.826
1232,0.792
1233,0
1234,0.768
1235,0.185
1236,0.28
1237,0.453
1238,0.548
1239,0.333
1240,0.768
1241,0.035
1242,0.267
1243,0.686
1244,0.78
1245,0.915
1246,0.394
1247,0.017
1248,0.929
1249,0.081
1250,0.456
1251,0.834
1252,0.035
1253,0.95
1254,0.664
1255,0.173
1256,0.757
1257,0.321
1258,0.492
1259,0.843
1260,0.757
1261,0.471
1262,0.95
1263,0.591
1264,0.253
1265,0.339
1266,0.656
1267,0.757
1268,0.333
1269,0.987
1270,0.507
1271,0.664
1272,0.732
1273,0.506
1274,0.772
1275,0.757
1276,0.394
1277,0.949
1278,0.216
1279,0.492
1280,0.732
1281,0.715
1282,0.715
1283,0.612
1284,0.732
1285,0.664
1286,0.895
1287,0.105
1288,0.216
1289,0.785
1290,0.492
1291,0.523
1292,0.216
1293,0.957
1294,0.97
1295,0.321
1296,0.049
1297,0.191
1298,0
1299,0.915
1300,0.079
1301,0.879
1302,0.879
1303,0.768
1304,0.796
1305,0.732
1306,0.715
1307,0.846
1308,0.772
1309,0.035
1310,0.031
1311,0.785
1312,0.715
1313,0.26
1314,0.548
1315,0.333
1316,0
1317,0.492
1318,0.584
1319,0.394
1320,0.633
1321,0.755
1322,0.983
1323,0.449
1324,0.282
1325,0.027
1326,0.515
1327,0.715
1328,0.982
1329,0.117
1330,0.915
1331,0.282
1332,0.796
1333,0.751
1334,0.26
1335,0.876
1336,0.886
1337,0.191
1338,0.569
1339,0.929
1340,0.701
1341,0.914
1342,0.886
1343,0.751
1344,0.449
1345,0.671
1346,0.232
1347,0.895
1348,0.548
1349,0.282
1350,1
1351,0.95
1352,0.939
1353,0.216
1354,0.492
1355,0.321
1356,0.977
1357,0.031
1358,0.132
1359,0.967
1360,0.755
1361,0.515
1362,0.612
1363,0.849
1364,0.161
1365,0.671
1366,0.785
1367,0.612
1368,0.95
1369,0.624
1370,0.612
1371,0.368
1372,0.492
1373,0.271
1374,0.97
1375,0.185
1376,0.915
1377,0.031
1378,0.454
1379,0.268
1380,0.755
1381,0.26
1382,0.86
1383,0.216
1384,0.026
1385,0.939
1386,0.456
1387,0.914
1388,0.633
1389,0.105
1390,0.875
1391,0.886
1392,0.492
1393,0.849
1394,0.321
1395,0.071
1396,0.95
1397,0.95
1398,0.216
1399,0.507
1400,0.834
1401,0.95
1402,0.026
1403,0.757
1404,0.97
1405,0.453
1406,0.548
1407,1
1408,0.409
1409,0.569
1410,0.846
1411,0.982
1412,0.604
1413,0.95
1414,0.967
1415,0.957
1416,0.895
1417,0.715
1418,0.453
1419,0.027
1420,0.409
1421,0.915
1422,0.915
1423,0.96
1424,0.92
1425,0.437
1426,0.132
1427,0.368
1428,0.63
1429,0.961
1430,0.97
1431,0.849
1432,0.826
1433,0.569
1434,0.732
1435,0.868
1436,0.079
1437,0.772
1438,0.506
1439,0.282
1440,0.686
1441,0.447
1442,0.728
1443,0.914
1444,0.895
1445,0.612
1446,0
1447,0.686
1448,0.894
1449,0.757
1450,0.983
1451,0.633
1452,0.371
1453,0
1454,0.515
1455,0.183
1456,0.879
1457,0.608
1458,0.482
1459,0.964
1460,0.105
1461,0.915
1462,0.584
1463,0.879
1464,0.28
1465,0.216
1466,0.886
1467,0.981
1468,0.915
1469,0.929
1470,0.608
1471,0.342
1472,0.604
1473,0.732
1474,0.732
1475,1
1476,0.515
1477,0.95
1478,0.027
1479,0.333
1480,0.961
1481,0.796
1482,0.447
1483,0.999
1484,0.295
1485,0.64
1486,0.755
1487,0.447
1488,0.339
1489,0.26
1490,0.975
1491,0.079
1492,0.185
1493,0.796
1494,0.26
1495,0.492
1496,0.342
1497,0.97
1498,0.071
1499,0.633
1500,0.282
1501,0.796
1502,0.664
1503,0.97
1504,0.449
1505,0.612
1506,0.548
1507,0.732
1508,0.894
1509,0.569
1510,0.701
1511,0.846
1512,0.939
1513,0.728
1514,0.132
1515,0.027
1516,0.757
1517,0.64
1518,0.982
1519,0.824
1520,0.843
1521,0.584
1522,0.371
1523,0.929
1524,0.879
1525,0.772
1526,0.482
1527,0.671
1528,0.895
1529,0.715
1530,0.895
1531,0.95
1532,0.982
1533,0.268
1534,0.031
1535,0.492
1536,0.515
1537,0.957
1538,0.612
1539,0.355
1540,0.772
1541,0.453
1542,0.105
1543,0.409
1544,0.929
1545,0.664
1546,0.604
1547,0.664
1548,0.271
1549,0.268
1550,0.507
1551,0.879
1552,0.282
1553,0.664
1554,0.826
1555,0.664
1556,0.969
1557,0.728
1558,0.95
1559,0.132
1560,0.895
1561,0.453
1562,0.95
1563,0.997
1564,0.63
1565,0.482
1566,0.757
1567,0.216
1568,0.569
1569,0.849
1570,0.715
1571,0.482
1572,0.849
1573,0.757
1574,0.216
1575,0.664
1576,0.017
1577,0.049
1578,0.612
1579,0.886
1580,0.28
1581,0.447
1582,0.969
1583,0.772
1584,0.604
1585,0.342
1586,0.886
1587,0.489
1588,0.309
1589,0.449
1590,0.216
1591,0.755
1592,0.216
1593,0.145
1594,0.394
1595,0.969
1596,0.409
1597,0.515
1598,0.6
1599,0.961
1600,0.886
1601,0.715
1602,0.612
1603,0.471
1604,0.664
1605,0.843
1606,0.608
1607,0.569
1608,0.952
1609,0.929
1610,0.757
1611,0.6
1612,0.728
1613,0.471
1614,0.967
1615,0.95
1616,0.751
1617,0.715
1618,0.849
1619,0.122
1620,0.849
1621,0.987
1622,0.846
1623,0.757
1624,0.796
1625,0.949
1626,0.105
1627,0.95
1628,0.63
1629,0.846
1630,0.756
1631,0.969
1632,0.574
1633,0.569
1634,0.507
1635,0.449
1636,0.914
1637,0.339
1638,0.732
1639,0.843
1640,0.846
1641,0.987
1642,0.482
1643,0.268
1644,0.54
1645,0.868
1646,0.371
1647,0.454
1648,0.079
1649,0.796
1650,0.97
1651,0.751
1652,0.191
1653,0.963
1654,0.796
1655,0.394
1656,0.049
1657,0.6
1658,0.449
1659,0.26
1660,0.894
1661,0.612
1662,0.123
1663,0.846
1664,0.569
1665,0.949
1666,0.96
1667,0.633
1668,0.967
1669,0.282
1670,0.894
1671,0.967
1672,0.492
1673,0.42
1674,0.515
1675,0.915
1676,0.584
1677,0.122
1678,0.846
1679,0.633
1680,0.027
1681,0.268
1682,0.86
1683,0.268
1684,0.271
1685,0.342
1686,0.969
1687,0.879
1688,0.437
1689,0.548
1690,0.732
1691,0.849
1692,0.796
1693,0.772
1694,0.894
1695,0.268
1696,0.895
1697,0.757
1698,0.071
1699,0.886
1700,0.371
1701,0.267
1702,0.117
1703,0.967
1704,0.994
1705,0.915
1706,0.868
1707,0.967
1708,0.355
1709,0.191
1710,0.216
1711,0.26
1712,0.321
1713,0.633
1714,0.772
1715,0.584
1716,0.584
1717,0.453
1718,0.071
1719,0.031
1720,0.071
1721,0.42
1722,0
1723,0.846
1724,0.449
1725,0.728
1726,0.664
1727,0.031
1728,0.63
1729,0.321
1730,0.929
1731,0.949
1732,0.271
1733,0.271
1734,0.161
1735,0.26
1736,0.664
1737,0.796
1738,0.96
1739,0.981
1740,0.482
1741,0.715
1742,0.035
1743,0.895
1744,0.96
1745,0.333
1746,0.453
1747,0.796
1748,0.957
1749,0.949
1750,0.548
1751,0
1752,0.97
1753,0
1754,0.785
1755,0.728
1756,0.569
1757,0.282
1758,0.604
1759,0.191
1760,0.664
1761,0.295
1762,0.548
1763,0.117
1764,0.049
1765,0.456
1766,0.321
1767,0.557
1768,0.604
1769,0.64
1770,0.656
1771,0.97
1772,0
1773,0.996
1774,0.785
1775,0.929
1776,0.772
1777,0.321
1778,0.95
1779,0.994
1780,0.95
1781,0.132
1782,0
1783,0.548
1784,0.071
1785,0.886
1786,0.843
1787,0.295
1788,0.449
1789,0.751
1790,0.967
1791,0.612
1792,0.569
1793,0.161
1794,0.728
1795,0.796
1796,0.515
1797,0
1798,0.757
1799,0.728
1800,0.964
1801,0.268
1802,0.895
1803,0.492
1804,0.548
1805,0.282
1806,0.608
1807,0.875
1808,0.63
1809,0.64
1810,0.796
1811,0.515
1812,0.785
1813,0.453
1814,0.394
1815,0.612
1816,0.321
1817,0.952
1818,0.826
1819,0.957
1820,0.574
1821,0.664
1822,0.97
1823,0.846
1824,0.729
1825,0.342
1826,0.939
1827,0.895
1828,0.886
1829,0.757
1830,0.755
1831,0.756
1832,0.949
1833,0.852
1834,0.216
1835,0.992
1836,0
1837,0.482
1838,0.757
1839,0.447
1840,0.785
1841,0.612
1842,0.875
1843,0.772
1844,0.132
1845,0.035
1846,0.849
1847,0.995
1848,0.785
1849,0.471
1850,0.449
1851,0.507
1852,0.967
1853,0.961
1854,0.939
1855,0.271
1856,0.453
1857,0.449
1858,0.409
1859,0.63
1860,0.938
1861,0.507
1862,0.342
1863,0.852
1864,0.728
1865,0.671
1866,0.449
1867,0.852
1868,0.95
1869,0.796
1870,0.633
1871,0.282
1872,0.394
1873,0.895
1874,0.796
1875,0.846
1876,0.324
1877,0.785
1878,0.027
1879,0.6
1880,0.949
1881,0.715
1882,0.437
1883,0.26
1884,0.757
1885,0.879
1886,0.191
1887,0.894
1888,0.584
1889,0.309
1890,0.814
1891,0.191
1892,0.027
1893,0.035
1894,0.826
1895,0.792
1896,0.964
1897,0.035
1898,0.633
1899,0.453
1900,0.027
1901,1
1902,0.99
1903,0.846
1904,0.915
1905,0.826
1906,0.482
1907,0.604
1908,0.515
1909,0.117
1910,0.321
1911,0.894
1912,0.295
1913,0.161
1914,0.612
1915,0.584
1916,0.117
1917,0.772
1918,0.982
1919,0.282
1920,0.686
1921,1
1922,0.342
1923,0.967
1924,0.915
1925,0.105
1926,0.983
1927,0.482
1928,0.523
1929,0.6
1930,0.122
1931,0.26
1932,0.796
1933,0.268
1934,0.967
1935,0.728
1936,0.604
1937,0.492
1938,0.612
1939,0.895
1940,0.071
1941,0.715
1942,0.507
1943,0.604
1944,0.879
1945,0.743
1946,0.63
1947,0.506
1948,0.999
1949,0.456
1950,0.728
1951,0.728
1952,0.271
1953,0.031
1954,0.671
1955,0.772
1956,0.117
1957,0.876
1958,0.732
1959,0.282
1960,0.664
1961,0.117
1962,0.26
1963,0.161
1964,0.949
1965,0.999
1966,0.929
1967,0.584
1968,0.232
1969,0.282
1970,0.6
1971,0.584
1972,0.394
1973,0.482
1974,0.751
1975,0.715
1976,0.507
1977,0.633
1978,0.447
1979,0.191
1980,0
1981,0.454
1982,0.967
1983,0.409
1984,0.846
1985,0.271
1986,0.507
1987,0.027
1988,0.796
1989,0.492
1990,0.757
1991,0.241
1992,0.939
1993,0.584
1994,0.624
1995,0.772
1996,0.785
1997,0.633
1998,0.964
1999,0.633
2000,0.447
2001,0.886
2002,0.715
2003,0.728
2004,0.846
2005,0.584
2006,0.967
2007,0.071
2008,0.701
2009,0.967
2010,0.321
2011,0.191
2012,0.017
2013,0.321
2014,0.342
2015,0.633
2016,0.772
2017,0.95
2018,0.728
2019,0.6
2020,0.216
2021,0.757
2022,0.031
2023,0.751
2024,0.453
2025,0.894
2026,0.409
2027,0.63
2028,0.492
2029,0.95
2030,0.191
2031,0.849
2032,0.482
2033,0.633
2034,0.949
2035,0.548
2036,0.612
2037,0.471
2038,0.031
2039,0.557
2040,0.42
2041,0.612
2042,0.031
2043,0.228
2044,0.482
2045,0.875
2046,0.612
2047,0.105
2048,0.826
2049,0.975
2050,0.849
2051,0.507
2052,0.849
2053,0.584
2054,0.879
2055,0.122
2056,0.604
2057,0.591
2058,0.728
2059,0.515
2060,0.846
2061,0.409
2062,0.507
2063,0.732
2064,0.981
2065,0.981
2066,0.355
2067,0.515
2068,0.387
2069,0.191
2070,0.967
2071,0.449
2072,0.732
2073,0.894
2074,0.321
2075,0.846
2076,1
2077,0.939
2078,0.732
2079,0.95
2080,0.95
2081,0.342
2082,0.925
2083,0.404
2084,0.105
2085,0.949
2086,0.471
2087,0.875
2088,0.506
2089,0.97
2090,0.95
2091,0.983
2092,0.454
2093,0.879
2094,0.875
2095,0.271
2096,0.915
2097,0.755
2098,0.557
2099,0.507
2100,0.967
2101,0.268
2102,0.105
2103,0.017
2104,0.071
2105,0.664
2106,0.99
2107,0.875
2108,0.879
2109,0.843
2110,0.97
2111,0.967
2112,0.715
2113,0.574
2114,0.875
2115,0.729
2116,0.132
2117,0.95
2118,0.321
2119,0.95
2120,0.915
2121,0.437
2122,0.846
2123,0.449
2124,0
2125,0.796
2126,0.409
2127,0.97
2128,0.482
2129,0.95
2130,0.163
2131,0.6
2132,0.355
2133,0.949
2134,0.295
2135,0.875
2136,0.6
2137,0.612
2138,0.875
2139,0.449
2140,0.994
2141,0.447
2142,0.785
2143,0.929
2144,0.368
2145,0.6
2146,0.268
2147,0.185
2148,0.756
2149,0.826
2150,0.6
2151,0.875
2152,0.105
2153,0.826
2154,0.772
2155,1
2156,0.633
2157,0.28
2158,0.471
2159,0.394
2160,0.914
2161,0.772
2162,0.755
2163,0.507
2164,0.63
2165,0.507
2166,0.604
2167,0.584
2168,0.523
2169,0.449
2170,0.268
2171,0.394
2172,0.732
2173,0.557
2174,0.404
2175,0.449
2176,0.843
2177,0.633
2178,0.333
2179,0.333
2180,0.843
2181,0.507
2182,0.925
2183,0.54
2184,0.95
2185,0.079
2186,0.97
2187,0.903
2188,0.914
2189,0.768
2190,0.453
2191,0.507
2192,0.792
2193,0.569
2194,0.796
2195,0.757
2196,0.216
2197,0.925
2198,0.743
2199,0.879
2200,0.117
2201,0.664
2202,0.846
2203,0.026
2204,0.768
2205,0.557
2206,0.321
2207,0.548
2208,0.957
2209,0.612
2210,0.253
2211,0.63
2212,0.796
2213,0.54
2214,0.404
2215,0.967
2216,0.757
2217,0.95
2218,0.437
2219,0.772
2220,0.732
2221,0.982
2222,0.035
2223,0.949
2224,0.548
2225,0.886
2226,0.843
2227,0.123
2228,0.482
2229,0.017
2230,0.78
2231,0.027
2232,0.339
2233,0.849
2234,0.342
2235,0.757
2236,0.755
2237,0.633
2238,0.268
2239,0.701
2240,0.895
2241,0.849
2242,0.792
2243,0.079
2244,0.191
2245,0.447
2246,0.95
2247,0.161
2248,0.035
2249,0.191
2250,0.409
2251,0.86
2252,0.604
2253,0.079
2254,0.63
2255,0.437
2256,0.449
2257,0.035
2258,0.449
2259,0.569
2260,0.548
2261,0.117
2262,0.027
2263,0.97
2264,0.633
2265,0.035
2266,0.342
2267,0.321
2268,0.241
2269,0.664
2270,0.95
2271,0.604
2272,0.027
2273,0.105
2274,0.584
2275,0.282
2276,0.987
2277,0.409
2278,0.994
2279,0.079
2280,0.071
2281,0.28
2282,0.757
2283,0.97
2284,0.751
2285,0.449
2286,0.99
2287,0.895
2288,0.471
2289,0.216
2290,0.999
2291,0.879
2292,0.282
2293,0.161
2294,0.729
2295,0.117
2296,0.97
2297,0.355
2298,0.915
2299,0.671
2300,0.843
2301,0.471
2302,0.492
2303,0.967
2304,0.63
2305,0.117
2306,0.967
2307,0.035
2308,0.604
2309,0.584
2310,0.482
2311,0.26
2312,0.282
2313,0.333
2314,0.071
2315,0.949
2316,0.548
2317,0.757
2318,0.732
2319,0.071
2320,0.161
2321,0.569
2322,0.584
2323,0
2324,0.123
2325,0.449
2326,0.757
2327,0.729
2328,0.404
2329,0.796
2330,0.895
2331,0.914
2332,0.371
2333,0.664
2334,0.686
2335,0.929
2336,0.604
2337,0.409
2338,0.757
2339,0.957
2340,0.26
2341,0.849
2342,0.456
2343,0.6
2344,0.295
2345,0.967
2346,0.879
2347,0.897
2348,0.715
2349,0.117
2350,0.548
2351,0.453
2352,0.216
2353,0.492
2354,0.492
2355,0.879
2356,0.268
2357,0.515
2358,0.849
2359,0.035
2360,0.755
2361,0.6
2362,0.453
2363,0.751
2364,0.757
2365,0.268
2366,0.557
2367,0.897
2368,0.548
2369,0.95
2370,0.456
2371,0.732
2372,0.368
2373,0.453
2374,0.191
2375,0.757
2376,0.228
2377,0.268
2378,0.031
2379,0.63
2380,0.339
2381,0.925
2382,0.879
2383,0.492
2384,0.191
2385,0.97
2386,0.929
2387,0.772
2388,0.879
2389,0.949
2390,0.6
2391,0.894
2392,0.967
2393,0.548
2394,0.321
2395,0.026
2396,0.035
2397,0.071
2398,1
2399,0.081
2400,0.394
2401,0.879
2402,0.999
2403,0.755
2404,0.612
2405,0.934
2406,0.26
2407,0.987
2408,0.895
2409,0.95
2410,0.886
2411,0.507
2412,0.915
2413,0.95
2414,0.492
2415,0.26
2416,0.492
2417,0.664
2418,0.232
2419,0.117
2420,0.981
2421,0.049
2422,0.732
2423,0.507
2424,0.031
2425,0.95
2426,0.886
2427,0.185
2428,0.99
2429,0.608
2430,0.915
2431,0.282
2432,0.664
2433,0.161
2434,0.755
2435,0.6
2436,0.732
2437,0.173
2438,0.26
2439,0.394
2440,0.846
2441,0.633
2442,0.604
2443,0.123
2444,0.895
2445,0.584
2446,0.96
2447,0.879
2448,0.785
2449,0.63
2450,0.796
2451,0.54
2452,0.105
2453,0.394
2454,0.049
2455,0.95
2456,0.925
2457,0.656
2458,0.686
2459,0.569
2460,0.071
2461,0.967
2462,0.957
2463,0.191
2464,0.515
2465,0.42
2466,0.894
2467,0.117
2468,0.268
2469,0.914
2470,0.6
2471,0.482
2472,0.796
2473,0.879
2474,0.997
2475,0.987
2476,0.982
2477,0.123
2478,0.449
2479,0.453
2480,0.548
2481,0.507
2482,0.339
2483,0.826
2484,0.715
2485,0.26
2486,0.969
2487,0.105
2488,0.728
2489,0.846
2490,0.803
2491,0.282
2492,0.482
2493,0.507
2494,0.751
2495,0.772
2496,0.967
2497,0.049
2498,0.756
2499,0.975
2500,0.95
2501,0.772
2502,0.796
2503,0.849
2504,0.886
2505,0.755
2506,0.969
2507,0.914
2508,0.929
2509,0.453
2510,0.796
2511,0.191
2512,0.875
2513,0.216
2514,0.132
2515,0.961
2516,0
2517,0.604
2518,0.117
2519,0.105
2520,0.447
2521,0.929
2522,0.939
2523,0.879
2524,0.409
2525,0.321
2526,0.967
2527,0.96
2528,0.035
2529,0.035
2530,0.97
2531,0.321
2532,0.895
2533,0.772
2534,0.355
2535,0.523
2536,0.557
2537,0.715
2538,0.939
2539,0.849
2540,0.875
2541,0.949
2542,0.569
2543,0.843
2544,0.28
2545,0.035
2546,0.63
2547,0.63
2548,0.145
2549,0.732
2550,0.952
2551,0.54
2552,0.728
2553,0.253
2554,0.925
2555,0.95
2556,0.915
2557,0.975
2558,0.686
2559,0.105
2560,0.715
2561,0.454
2562,0.548
2563,0.826
2564,0.482
2565,0.6
2566,0.449
2567,0.967
2568,0.105
2569,0.846
2570,0.894
2571,0.728
2572,0.604
2573,0.97
2574,0.879
2575,0.975
2576,0.282
2577,0.929
2578,0.447
2579,0
2580,0.394
2581,0.732
2582,0.321
2583,0.961
2584,0.394
2585,0.612
2586,0.515
2587,0.409
2588,0.664
2589,0.6
2590,0.633
2591,0.394
2592,0.715
2593,0.6
2594,0.843
2595,0.404
2596,0.548
2597,0.949
2598,0.132
2599,0.394
2600,0.608
2601,0.95
2602,0.482
2603,0.846
2604,0.449
2605,0.755
2606,0.895
2607,0.982
2608,0.342
2609,0.929
2610,0.686
2611,0.049
2612,0.489
2613,0.6
2614,0.031
2615,0.982
2616,0.751
2617,0.969
2618,0.492
2619,0.492
2620,0.843
2621,0.482
2622,0.95
2623,0.886
2624,0.715
2625,0.967
2626,0.95
2627,0.843
2628,0.95
2629,0.875
2630,0.604
2631,0.785
2632,0.925
2633,0.957
2634,0.987
2635,0.447
2636,0.6
2637,0.604
2638,0.929
2639,0.969
2640,0.961
2641,0.489
2642,0.895
2643,0.26
2644,0.342
2645,0.756
2646,0.772
2647,0.97
2648,0.321
2649,0.796
2650,0.216
2651,0.447
2652,0.191
2653,0.796
2654,0.026
2655,0.584
2656,0.031
2657,0.97
2658,0.342
2659,0.967
2660,0.99
2661,0.715
2662,0.123
2663,0.633
2664,0.321
2665,0.664
2666,0.161
2667,0.732
2668,0.925
2669,0.796
2670,0.267
2671,0.939
2672,0.035
2673,0.569
2674,0.584
2675,0.843
2676,0.394
2677,0.232
2678,0.633
2679,0.97
2680,0.967
2681,0.515
2682,0.453
2683,0.035
2684,0.95
2685,0.715
2686,0.957
2687,0.122
2688,0.591
2689,0.035
2690,0.63
2691,0.757
2692,0.191
2693,0.604
2694,0.875
2695,0.173
2696,0.63
2697,0.437
2698,0.949
2699,0.404
2700,0.879
2701,0.394
2702,0.886
2703,0.447
2704,0.843
2705,0.117
2706,0.785
2707,0.604
2708,0.957
2709,0.999
2710,0.584
2711,0.728
2712,0.843
2713,0.185
2714,0.964
2715,0.035
2716,0.95
2717,0.584
2718,0.321
2719,0.191
2720,0.792
2721,0.967
2722,0.895
2723,0
2724,0.701
2725,0.915
2726,0.732
2727,0.755
2728,0.6
2729,0.409
2730,0.507
2731,0.879
2732,0.079
2733,0.456
2734,0.785
2735,0.54
2736,0.942
2737,0.173
2738,0.027
2739,0.64
2740,0.756
2741,0.751
2742,0.994
2743,0.409
2744,0.612
2745,0.849
2746,0.482
2747,0.321
2748,0.967
2749,0.939
2750,0.63
2751,0.757
2752,0.997
2753,0.751
2754,0.371
2755,0.849
2756,0.728
2757,0.895
2758,0.117
2759,0.701
2760,0.981
2761,0.471
2762,0.981
2763,0.342
2764,0.268
2765,0.895
2766,0.482
2767,0.191
2768,0.846
2769,0.728
2770,0.969
2771,0.939
2772,0.569
2773,0.826
2774,0.895
2775,0.929
2776,0.584
2777,0.981
2778,0
2779,0.997
2780,0.035
2781,0.471
2782,0.875
2783,0
2784,0.879
2785,0.846
2786,0.228
2787,0.64
2788,0.757
2789,0.404
2790,0.449
2791,0.894
2792,0.732
2793,0.879
2794,0.757
2795,0.105
2796,0.796
2797,0.321
2798,0.548
2799,0.28
2800,0.897
2801,0.216
2802,0.081
2803,0.728
2804,0.983
2805,0.981
2806,0.049
2807,0.785
2808,0.915
2809,0.26
2810,0.757
2811,0.027
2812,0.309
2813,0.28
2814,0.282
2815,0.321
2816,0.886
2817,0.671
2818,0.755
2819,0.591
2820,0.404
2821,0.772
2822,0.796
2823,0.6
2824,0.755
2825,0.715
2826,0.97
2827,0.715
2828,0.983
2829,0.886
2830,0.321
2831,0.895
2832,0.967
2833,0.826
2834,0.049
2835,0.981
2836,0.633
2837,0.185
2838,0.929
2839,0.814
2840,0.271
2841,0.756
2842,0.105
2843,0.992
2844,0.216
2845,0.482
2846,0.031
2847,0.268
2848,0.814
2849,0.97
2850,0.079
2851,0.368
2852,0.824
2853,0.664
2854,0.268
2855,0.26
2856,0.849
2857,0.894
2858,0.035
2859,0.321
2860,0.894
2861,0.282
2862,0.939
2863,0.449
2864,0.97
2865,0.995
2866,0.997
2867,0.633
2868,0.548
2869,0.482
2870,0.471
2871,0.268
2872,0.894
2873,0.95
2874,0.751
2875,0.453
2876,0.492
2877,0.751
2878,0.633
2879,0.95
2880,0.875
2881,0.715
2882,0.886
2883,0.964
2884,0.515
2885,0.633
2886,0.447
2887,0.216
2888,0.183
2889,0.664
2890,0.826
2891,0.843
2892,0.574
2893,0.409
2894,0
2895,0.268
2896,0.982
2897,0.117
2898,0.232
2899,0.715
2900,0.557
2901,0.394
2902,0.772
2903,0.785
2904,1
2905,0.456
2906,0.964
2907,0.633
2908,0.949
2909,0.949
2910,0.95
2911,0.574
2912,0.967
2913,0.191
2914,0.515
2915,0.117
2916,0.879
2917,0.728
2918,0.548
2919,0.664
2920,0.612
2921,0.949
2922,0.875
2923,0.849
2924,0.772
2925,0.342
2926,0.949
2927,0.42
2928,0.814
2929,0.633
2930,0.633
2931,0.949
2932,0.447
2933,0.482
2934,0.387
2935,0.071
2936,0.879
2937,0.453
2938,0.785
2939,0.755
2940,0.757
2941,0.569
2942,0.548
2943,0.967
2944,0.035
2945,0.232
2946,0.834
2947,0.548
2948,0.97
2949,0.895
2950,0.295
2951,0.95
2952,0.482
2953,0.54
2954,0.633
2955,0.876
2956,0.967
2957,0.507
2958,0.95
2959,0.584
2960,0.185
2961,0.664
2962,0.925
2963,0.755
2964,0.027
2965,0.664
2966,0.321
2967,0.995
2968,0.132
2969,1
2970,0.453
2971,0.267
2972,0.447
2973,0.548
2974,0.886
2975,0.608
2976,0.939
2977,0.105
2978,0.732
2979,0.63
2980,0.879
2981,0.895
2982,0.624
2983,0.117
2984,0.6
2985,0.792
2986,0.967
2987,0.63
2988,0.548
2989,0.939
2990,0.482
2991,0.929
2992,0.757
2993,0.216
2994,0.768
2995,0.268
2996,0.772
2997,0.957
2998,0.321
2999,0.309
3000,0.772
3001,0.997
3002,0.886
3003,0.548
3004,0.97
3005,0.964
3006,0.983
3007,0.671
3008,0.342
3009,0.105
3010,0.875
3011,0.849
3012,0.757
3013,0.633
3014,0.977
3015,0.492
3016,0.967
3017,0.95
3018,0.471
3019,0.894
3020,0.453
3021,0.404
3022,0.035
3023,0.161
3024,0.049
3025,0.939
3026,0.079
3027,0.97
3028,0.796
3029,0.26
3030,0.241
3031,0.772
3032,0.957
3033,0.846
3034,0.843
3035,0.185
3036,0.656
3037,0.967
3038,0.557
3039,0.895
3040,0.875
3041,0.939
3042,0.368
3043,0.89
3044,0.191
3045,0.961
3046,0.282
3047,0.961
3048,0.154
3049,0.449
3050,0.664
3051,0.447
3052,0.843
3053,0.949
3054,0.967
3055,0.185
3056,0.454
3057,0.939
3058,0.548
3059,0.929
3060,0.785
3061,0.54
3062,0.027
3063,0.035
3064,0.216
3065,0.409
3066,0
3067,0.453
3068,0.453
3069,0.95
3070,0.295
3071,0.755
3072,0.394
3073,0.507
3074,0.612
3075,0.843
3076,0.843
3077,0.728
3078,0.409
3079,0.751
3080,0.969
3081,0.633
3082,0.967
3083,0.449
3084,0.915
3085,0.453
3086,0.732
3087,0.879
3088,0.339
3089,0.785
3090,0.939
3091,0.879
3092,0.548
3093,0
3094,0.826
3095,0.6
3096,0.876
3097,0.132
3098,0.757
3099,0.868
3100,0.987
3101,0.031
3102,0.105
3103,0.664
3104,0.604
3105,0.715
3106,0.515
3107,0.63
3108,0.715
3109,0.95
3110,0.409
3111,0.929
3112,0.321
3113,0.071
3114,0.453
3115,0.751
3116,0.449
3117,0.271
3118,0.333
3119,0.482
3120,0.796
3121,0.035
3122,0.584
3123,0.879
3124,0.409
3125,0.608
3126,0.967
3127,0.826
3128,0.824
3129,0.342
3130,0.915
3131,0.339
3132,0.456
3133,0.843
3134,0.584
3135,0.715
3136,0.185
3137,0.26
3138,0.879
3139,0.604
3140,0.895
3141,0.983
3142,0.925
3143,0.964
3144,0.843
3145,0.732
3146,0.492
3147,0.715
3148,0.342
3149,0.049
3150,0.456
3151,0.185
3152,0.071
3153,0.191
3154,0.282
3155,0.105
3156,0.6
3157,0.449
3158,0.63
3159,0.492
3160,0.728
3161,0.253
3162,0.755
3163,0.883
3164,0.715
3165,0.849
3166,0.268
3167,0.886
3168,0.449
3169,0.282
3170,0.482
3171,0.604
3172,0.925
3173,0.879
3174,0.95
3175,0.454
3176,0.796
3177,0.454
3178,0.515
3179,0.755
3180,0.342
3181,0.796
3182,0.785
3183,0.633
3184,0.751
3185,0.96
3186,0.507
3187,0.886
3188,0.557
3189,0.897
3190,0.26
3191,0.604
3192,0.449
3193,0.95
3194,0
3195,0.97
3196,0
3197,0.584
3198,0.26
3199,0.271
3200,0.97
3201,0.548
3202,0.957
3203,0.324
3204,0.447
3205,0.333
3206,0.826
3207,0.569
3208,0.185
3209,0.966
3210,0.191
3211,0.6
3212,0.355
3213,0.456
3214,0.846
3215,0.355
3216,0.883
3217,0.656
3218,0.997
3219,0.449
3220,0.105
3221,0.523
3222,0.216
3223,0.656
3224,0.982
3225,0.929
3226,0.282
3227,0.268
3228,0.883
3229,0.507
3230,0.191
3231,0.105
3232,0.895
3233,0.796
3234,0.506
3235,0.895
3236,0.772
3237,0.394
3238,0.849
3239,0.895
3240,0.879
3241,0.981
3242,0.105
3243,0.492
3244,0.633
3245,0.324
3246,0.957
3247,0.26
3248,0.123
3249,0.492
3250,0.232
3251,0.507
3252,0.886
3253,0.216
3254,0.035
3255,0.404
3256,0.409
3257,0.271
3258,0.952
3259,0.95
3260,0.875
3261,0.216
3262,0.757
3263,0.846
3264,0.849
3265,0.482
3266,0.757
3267,0.282
3268,0.728
3269,0.961
3270,0.447
3271,0.161
3272,0.715
3273,0.268
3274,0.449
3275,0.757
3276,0.321
3277,0.63
3278,0.071
3279,0.785
3280,0.757
3281,0.915
3282,0.409
3283,0.914
3284,0.95
3285,0.6
3286,0.982
3287,0.751
3288,0.843
3289,0.975
3290,0.895
3291,0.939
3292,0.515
3293,0.506
3294,0.949
3295,0.569
3296,0.772
3297,0.757
3298,0.26
3299,0.6
3300,0.612
3301,0.394
3302,0.792
3303,0.342
3304,0.548
3305,0.633
3306,0.796
3307,0.879
3308,0.482
3309,0.449
3310,0.63
3311,0.216
3312,0.772
3313,0.664
3314,0.852
3315,0.232
3316,0.404
3317,0.132
3318,0.715
3319,0.728
3320,0.26
3321,0.949
3322,0.161
3323,0.6
3324,0.732
3325,0.99
3326,0.394
3327,0.584
3328,0.371
3329,0.772
3330,0.803
3331,0.894
3332,0.732
3333,0.453
3334,0.6
3335,0.671
3336,0.772
3337,0.268
3338,0.456
3339,0.751
3340,0.355
3341,0.271
3342,0.268
3343,0.95
3344,0.785
3345,0.732
3346,0.982
3347,0.728
3348,0.981
3349,0.95
3350,0.785
3351,0.757
3352,0.894
3353,0.772
3354,0.987
3355,0.035
3356,0.604
3357,0.886
3358,0.849
3359,0.507
3360,0.321
3361,0.241
3362,0
3363,0.548
3364,0.969
3365,0.194
3366,0.972
3367,0.471
3368,0.507
3369,0.394
3370,0.772
3371,0.453
3372,0.071
3373,0.949
3374,0.309
3375,0.883
3376,0.814
3377,0.826
3378,0.6
3379,0.999
3380,0.939
3381,0.268
3382,0.271
3383,0.191
3384,0.321
3385,0.796
3386,0.321
3387,0.026
3388,0.26
3389,0.915
3390,0.796
3391,0.729
3392,0.886
3393,0.447
3394,0.071
3395,0.453
3396,0.185
3397,0.409
3398,0.997
3399,0.216
3400,0.929
3401,0.26
3402,0.612
3403,0.768
3404,0.728
3405,0.969
3406,0.715
3407,0.894
3408,0.95
3409,0.017
3410,0.982
3411,0.757
3412,0.796
3413,0.54
3414,0.506
3415,0.64
3416,0.574
3417,0.99
3418,0.049
3419,0.321
3420,0.95
3421,0.394
3422,0.506
3423,0.843
3424,0.63
3425,0.6
3426,0.117
3427,0.017
3428,0.071
3429,0.849
3430,0.633
3431,0.656
3432,0.63
3433,0.071
3434,0.895
3435,0.612
3436,0.282
3437,0.035
3438,0.161
3439,0.792
3440,0.895
3441,0.569
3442,0.42
3443,0.785
3444,0.751
3445,0.796
3446,0.939
3447,0.117
3448,0.321
3449,0.728
3450,0.946
3451,0.939
3452,0.95
3453,0.191
3454,0.99
3455,0.633
3456,0.105
3457,0.914
3458,0.732
3459,0.975
3460,0.732
3461,0.591
3462,0.071
3463,0.394
3464,0.471
3465,0.895
3466,0.482
3467,0.253
3468,0.447
3469,0.982
3470,0.132
3471,0.267
3472,0.132
3473,0.031
3474,0.949
3475,0.796
3476,0.728
3477,0.268
3478,0.324
3479,0.879
3480,0.454
3481,0.471
3482,0.027
3483,0.939
3484,0.803
3485,0.548
3486,0.97
3487,0.732
3488,0.342
3489,0.914
3490,0.757
3491,0.492
3492,0.482
3493,0.482
3494,0.967
3495,0.216
3496,0.728
3497,0.949
3498,0.952
3499,0.6
3500,0.28
3501,0.321
3502,0.969
3503,0.895
3504,0.489
3505,0.449
3506,0.482
3507,0.894
3508,0.796
3509,0.079
3510,0.939
3511,0.796
3512,0.846
3513,0.895
3514,0.715
3515,0.6
3516,0.879
3517,0.173
3518,0.728
3519,0.715
3520,0.191
3521,0
3522,0.95
3523,0.633
3524,0.437
3525,0.886
3526,0.079
3527,0.957
3528,0.729
3529,0.95
3530,0.321
3531,0.105
3532,0.309
3533,0.507
3534,0.132
3535,0.849
3536,0.895
3537,0.321
3538,0.027
3539,0.743
3540,0.268
3541,0.895
3542,0.757
3543,0.732
3544,0.939
3545,0.191
3546,0.447
3547,0.161
3548,0.961
3549,0.664
3550,0.95
3551,0.772
3552,0.492
3553,0.295
3554,0.961
3555,0.999
3556,0.339
3557,0.879
3558,0.268
3559,0.875
3560,0.701
3561,0.409
3562,0.035
3563,0.584
3564,0.017
3565,0.728
3566,0.6
3567,0.967
3568,0.969
3569,0.925
3570,0.191
3571,0.757
3572,0.849
3573,0.105
3574,0.049
3575,0.409
3576,0.772
3577,0.117
3578,0.049
3579,0.843
3580,0.449
3581,0.915
3582,0.939
3583,0.895
3584,0.728
3585,0.456
3586,0.846
3587,0.826
3588,0.967
3589,0.185
3590,0.604
3591,0.715
3592,0.701
3593,0.569
3594,0.489
3595,0.772
3596,0.26
3597,0.879
3598,0.999
3599,0.95
3600,0.686
3601,0.939
3602,0.894
3603,0.035
3604,0.071
3605,0.117
3606,0.321
3607,0.268
3608,0.969
3609,0
3610,0.404
3611,0.757
3612,0.453
3613,0.105
3614,0.792
3615,0.548
3616,0.728
3617,0.26
3618,0.447
3619,0.939
3620,0.489
3621,0.035
3622,0.664
3623,0.507
3624,0.796
3625,0.964
3626,0.796
3627,0.117
3628,0.843
3629,0.492
3630,0.772
3631,0.071
3632,0.796
3633,0.6
3634,0.449
3635,0.886
3636,0.846
3637,0.515
3638,0.569
3639,0.604
3640,0.507
3641,0.92
3642,0.161
3643,0.507
3644,0.987
3645,0.875
3646,1
3647,0.205
3648,0.624
3649,0.732
3650,0.95
3651,0.929
3652,0.915
3653,0.268
3654,0.671
3655,0.409
3656,0.132
3657,0.321
3658,0.267
3659,0.967
3660,0.961
3661,0.757
3662,0.409
3663,0.964
3664,1
3665,0.584
3666,0.757
3667,0.268
3668,0.507
3669,0.772
3670,0.031
3671,0.664
3672,0.63
3673,0.584
3674,0.447
3675,0.604
3676,0.939
3677,0.267
3678,0.86
3679,0.999
3680,0.95
3681,0.925
3682,0.803
3683,0.035
3684,0.915
3685,0.849
3686,0.612
3687,0.282
3688,0.342
3689,0.633
3690,0.453
3691,0.743
3692,0.732
3693,0.216
3694,0.964
3695,0.843
3696,0.957
3697,0.895
3698,0.515
3699,0.772
3700,0.268
3701,0.163
3702,0.071
3703,0.6
3704,0.732
3705,0.961
3706,0.929
3707,0.981
3708,0.751
3709,0.017
3710,0.949
3711,0.409
3712,0.569
3713,0.123
3714,0.895
3715,0.63
3716,0.796
3717,0.914
3718,0.879
3719,0.97
3720,0.339
3721,0.309
3722,0.409
3723,0.994
3724,0.321
3725,0.371
3726,0.843
3727,0.894
3728,0.63
3729,0.95
3730,0.031
3731,0.715
3732,0.772
3733,0.132
3734,0.95
3735,0.471
3736,0.604
3737,0.492
3738,0.95
3739,0.64
3740,0.404
3741,0.515
3742,0.515
3743,0.453
3744,0.584
3745,0.049
3746,0.482
3747,0.671
3748,0.969
3749,0.97
3750,0.604
3751,0.216
3752,0.355
3753,0.492
3754,0.982
3755,0.97
3756,0.049
3757,0.548
3758,0.324
3759,0.942
3760,0.895
3761,0.454
3762,0.63
3763,0.569
3764,0.961
3765,0.886
3766,0.914
3767,0.999
3768,0.342
3769,0.6
3770,0.54
3771,0.964
3772,0.826
3773,0.339
3774,0.049
3775,0.975
3776,0.035
3777,0.875
3778,0.975
3779,0.97
3780,0.701
3781,0.715
3782,0.949
3783,0.686
3784,0.321
3785,0.897
3786,0.624
3787,0.191
3788,0.852
3789,0.875
3790,0.453
3791,0.471
3792,0.6
3793,0.216
3794,0.482
3795,0.123
3796,0.035
3797,0.95
3798,0.843
3799,0.123
3800,0.569
3801,0.185
3802,0.664
3803,0.63
3804,0.241
3805,0.879
3806,0.26
3807,0.456
3808,0.64
3809,0
3810,0.035
3811,0.453
3812,0.849
3813,0.515
3814,0.523
3815,0.253
3816,0.449
3817,0.939
3818,0.967
3819,0.803
3820,0.216
3821,0.99
3822,0.999
3823,0.915
3824,0.449
3825,0.409
3826,0.437
3827,0.63
3828,0.548
3829,0.751
3830,0.506
3831,0.785
3832,0.757
3833,0.95
3834,0.768
3835,0.895
3836,0.548
3837,0.584
3838,0.591
3839,0.732
3840,0.846
3841,0.633
3842,0.929
3843,0.895
3844,0.447
3845,0.63
3846,0.964
3847,0.949
3848,0.686
3849,0.894
3850,0.437
3851,0.63
3852,0.027
3853,0.584
3854,0.915
3855,0.574
3856,0.071
3857,0.185
3858,0.826
3859,0.715
3860,0.333
3861,0.95
3862,0.97
3863,0.394
3864,0.664
3865,0.049
3866,0.268
3867,0.63
3868,0.929
3869,0.117
3870,0.95
3871,0.843
3872,0.191
3873,0.282
3874,0.728
3875,0.268
3876,0.633
3877,0.409
3878,0.049
3879,0.983
3880,0.515
3881,0.342
3882,0.949
3883,0.321
3884,0.035
3885,0.843
3886,0.994
3887,0.191
3888,0.633
3889,0.664
3890,0.95
3891,0.915
3892,0.548
3893,0.915
3894,0.879
3895,0.95
3896,0.876
3897,0.161
3898,0.834
3899,0.027
3900,0.95
3901,0.95
3902,0.216
3903,0.939
3904,0.604
3905,0.846
3906,0.757
3907,0.732
3908,0
3909,0.875
3910,0.633
3911,0
3912,0.321
3913,0.453
3914,0.282
3915,0.914
3916,0.715
3917,0.591
3918,0.755
3919,0.507
3920,0.95
3921,0.515
3922,0.879
3923,0.604
3924,0.886
3925,0.608
3926,0.895
3927,0.894
3928,0.604
3929,0.846
3930,0.608
3931,0.404
3932,0.117
3933,0.482
3934,0.26
3935,0.453
3936,0.447
3937,0.925
3938,0.732
3939,0.987
3940,0.027
3941,0.604
3942,0.117
3943,0.54
3944,0.449
3945,0.849
3946,0.728
3947,0.967
3948,0.969
3949,0.633
3950,0.191
3951,0.492
3952,0.849
3953,0.447
3954,0
3955,0.342
3956,0.98
3957,0.191
3958,0.079
3959,0.732
3960,0.967
3961,0.482
3962,0.772
3963,0.368
3964,0.846
3965,0.715
3966,0.191
3967,0.409
3968,0.785
3969,0.957
3970,0.914
3971,0.633
3972,0.755
3973,0.267
3974,0.633
3975,0.671
3976,0.895
3977,0.826
3978,0.54
3979,0.743
3980,0.732
3981,0.886
3982,0.796
3983,0.515
3984,0.437
3985,0.732
3986,0.63
3987,0.584
3988,0.894
3989,0.925
3990,0.342
3991,0.342
3992,0.895
3993,0.049
3994,0.879
3995,0.95
3996,0.715
3997,0.772
3998,0.394
3999,0.96
4000,0.449
4001,0.957
4002,0.105
4003,0.875
4004,0.132
4005,0.63
4006,0.584
4007,0.282
4008,0.394
4009,0.964
4010,0.875
4011,0.482
4012,0.342
4013,0.071
4014,0.26
4015,0.035
4016,0.756
4017,0.447
4018,0.624
4019,0.355
4020,0.612
4021,0.664
4022,0.732
4023,0.453
4024,0.574
4025,0.216
4026,0.447
4027,0.492
4028,0.78
4029,0.715
4030,0.321
4031,0.997
4032,0.715
4033,0.967
4034,0
4035,0.54
4036,0.895
4037,0.664
4038,0.957
4039,0.99
4040,0.757
4041,0.321
4042,0
4043,0.743
4044,0.031
4045,0.482
4046,0.981
4047,0.981
4048,0.826
4049,0.471
4050,0.161
4051,0.796
4052,0.95
4053,0.191
4054,0.969
4055,0.939
4056,0.205
4057,0.447
4058,0.796
4059,0.949
4060,0.079
4061,0.191
4062,0.515
4063,0.268
4064,0.26
4065,0.612
4066,0.967
4067,0.846
4068,0.95
4069,0.548
4070,0.449
4071,0.026
4072,0.95
4073,0.757
4074,0.394
4075,0.26
4076,0.732
4077,0.394
4078,0.967
4079,0.883
4080,0.017
4081,0.453
4082,0.321
4083,0.584
4084,0.939
4085,0.879
4086,0.63
4087,0.999
4088,0.394
4089,0.191
4090,0.507
4091,0.105
4092,0.894
4093,0.026
4094,0.117
4095,0.755
4096,0.925
4097,0.241
4098,0.785
4099,0.584
4100,0.969
4101,0.969
4102,0.309
4103,0.185
4104,0.049
4105,0.939
4106,0.914
4107,0.929
4108,0.967
4109,0.404
4110,0.97
4111,0.755
4112,0.492
4113,0.28
4114,0.785
4115,0.95
4116,0.768
4117,0.97
4118,0.992
4119,0.612
4120,0.216
4121,0.6
4122,0.95
4123,0.849
4124,0.608
4125,0.95
4126,0.409
4127,0.95
4128,0.6
4129,0.612
4130,0.63
4131,0.449
4132,0.95
4133,0.64
4134,0.757
4135,0.492
4136,0.321
4137,0.983
4138,0.071
4139,0.97
4140,0.035
4141,0.732
4142,0.895
4143,0.826
4144,0.205
4145,0.507
4146,0.982
4147,0.268
4148,0.686
4149,0.895
4150,0.321
4151,0.492
4152,0.701
4153,0.506
4154,0.017
4155,0.785
4156,0.492
4157,0.26
4158,0.886
4159,0.785
4160,0.751
4161,0.732
4162,0.132
4163,0.886
4164,0.925
4165,0.453
4166,0.843
4167,0.342
4168,0.757
4169,0.071
4170,0.715
4171,0.035
4172,0.879
4173,0.371
4174,0.342
4175,0.895
4176,0.515
4177,0.925
4178,0.914
4179,0.834
4180,0.035
4181,0.95
4182,0.846
4183,0.97
4184,0.26
4185,0.123
4186,0.97
4187,0.826
4188,0.515
4189,0.826
4190,0.117
4191,0.952
4192,0.268
4193,0.191
4194,0.117
4195,0.268
4196,0.785
4197,0.506
4198,0.732
4199,0.785
4200,0.253
4201,0.846
4202,0.071
4203,0.755
4204,0.507
4205,0.957
4206,0.079
4207,0.409
4208,0.701
4209,0.886
4210,0.515
4211,0.295
4212,0.772
